account_id,hospital_id,hospital_name,metric_date,smartplace_inflow,metadata
TEMP_ACCOUNT_ID,TEMP_HOSPITAL_ID,,2024-03-11,33,{}
TEMP_ACCOUNT_ID,TEMP_HOSPITAL_ID,,2024-03-12,13,{}
TEMP_ACCOUNT_ID,TEMP_HOSPITAL_ID,,2024-03-13,38,{}
TEMP_ACCOUNT_ID,TEMP_HOSPITAL_ID,,2024-03-14,36,{}
TEMP_ACCOUNT_ID,TEMP_HOSPITAL_ID,,2024-03-15,20,{}
TEMP_ACCOUNT_ID,TEMP_HOSPITAL_ID,,2024-03-16,38,{}
TEMP_ACCOUNT_ID,TEMP_HOSPITAL_ID,,2024-03-17,21,{}
TEMP_ACCOUNT_ID,TEMP_HOSPITAL_ID,,2024-03-18,59,{}
TEMP_ACCOUNT_ID,TEMP_HOSPITAL_ID,,2024-03-19,53,{}
TEMP_ACCOUNT_ID,TEMP_HOSPITAL_ID,,2024-03-20,48,{}
TEMP_ACCOUNT_ID,TEMP_HOSPITAL_ID,,2024-03-21,41,{}
TEMP_ACCOUNT_ID,TEMP_HOSPITAL_ID,,2024-03-22,138,{}
TEMP_ACCOUNT_ID,TEMP_HOSPITAL_ID,,2024-03-23,137,{}
TEMP_ACCOUNT_ID,TEMP_HOSPITAL_ID,,2024-03-24,101,{}
TEMP_ACCOUNT_ID,TEMP_HOSPITAL_ID,,2024-03-25,64,{}
TEMP_ACCOUNT_ID,TEMP_HOSPITAL_ID,,2024-03-26,81,{}
TEMP_ACCOUNT_ID,TEMP_HOSPITAL_ID,,2024-03-27,80,{}
TEMP_ACCOUNT_ID,TEMP_HOSPITAL_ID,,2024-03-28,81,{}
TEMP_ACCOUNT_ID,TEMP_HOSPITAL_ID,,2024-03-29,73,{}
TEMP_ACCOUNT_ID,TEMP_HOSPITAL_ID,,2024-03-30,56,{}
TEMP_ACCOUNT_ID,TEMP_HOSPITAL_ID,,2024-03-31,88,{}
TEMP_ACCOUNT_ID,TEMP_HOSPITAL_ID,,2024-04-01,72,{}
TEMP_ACCOUNT_ID,TEMP_HOSPITAL_ID,,2024-04-02,83,{}
TEMP_ACCOUNT_ID,TEMP_HOSPITAL_ID,,2024-04-03,43,{}
TEMP_ACCOUNT_ID,TEMP_HOSPITAL_ID,,2024-04-04,43,{}
TEMP_ACCOUNT_ID,TEMP_HOSPITAL_ID,,2024-04-05,68,{}
TEMP_ACCOUNT_ID,TEMP_HOSPITAL_ID,,2024-04-06,51,{}
TEMP_ACCOUNT_ID,TEMP_HOSPITAL_ID,,2024-04-07,97,{}
TEMP_ACCOUNT_ID,TEMP_HOSPITAL_ID,,2024-04-08,97,{}
TEMP_ACCOUNT_ID,TEMP_HOSPITAL_ID,,2024-04-09,84,{}
TEMP_ACCOUNT_ID,TEMP_HOSPITAL_ID,,2024-04-10,41,{}
TEMP_ACCOUNT_ID,TEMP_HOSPITAL_ID,,2024-04-11,65,{}
TEMP_ACCOUNT_ID,TEMP_HOSPITAL_ID,,2024-04-12,73,{}
TEMP_ACCOUNT_ID,TEMP_HOSPITAL_ID,,2024-04-13,72,{}
TEMP_ACCOUNT_ID,TEMP_HOSPITAL_ID,,2024-04-14,63,{}
TEMP_ACCOUNT_ID,TEMP_HOSPITAL_ID,,2024-04-15,50,{}
TEMP_ACCOUNT_ID,TEMP_HOSPITAL_ID,,2024-04-16,80,{}
TEMP_ACCOUNT_ID,TEMP_HOSPITAL_ID,,2024-04-17,43,{}
TEMP_ACCOUNT_ID,TEMP_HOSPITAL_ID,,2024-04-18,60,{}
TEMP_ACCOUNT_ID,TEMP_HOSPITAL_ID,,2024-04-19,48,{}
TEMP_ACCOUNT_ID,TEMP_HOSPITAL_ID,,2024-04-20,61,{}
TEMP_ACCOUNT_ID,TEMP_HOSPITAL_ID,,2024-04-21,37,{}
TEMP_ACCOUNT_ID,TEMP_HOSPITAL_ID,,2024-04-22,50,{}
TEMP_ACCOUNT_ID,TEMP_HOSPITAL_ID,,2024-04-23,54,{}
TEMP_ACCOUNT_ID,TEMP_HOSPITAL_ID,,2024-04-24,34,{}
TEMP_ACCOUNT_ID,TEMP_HOSPITAL_ID,,2024-04-25,51,{}
TEMP_ACCOUNT_ID,TEMP_HOSPITAL_ID,,2024-04-26,44,{}
TEMP_ACCOUNT_ID,TEMP_HOSPITAL_ID,,2024-04-27,54,{}
TEMP_ACCOUNT_ID,TEMP_HOSPITAL_ID,,2024-04-28,50,{}
TEMP_ACCOUNT_ID,TEMP_HOSPITAL_ID,,2024-04-29,45,{}
TEMP_ACCOUNT_ID,TEMP_HOSPITAL_ID,,2024-04-30,45,{}
TEMP_ACCOUNT_ID,TEMP_HOSPITAL_ID,,2024-05-01,24,{}
TEMP_ACCOUNT_ID,TEMP_HOSPITAL_ID,,2024-05-02,70,{}
TEMP_ACCOUNT_ID,TEMP_HOSPITAL_ID,,2024-05-03,73,{}
TEMP_ACCOUNT_ID,TEMP_HOSPITAL_ID,,2024-05-04,69,{}
TEMP_ACCOUNT_ID,TEMP_HOSPITAL_ID,,2024-05-05,51,{}
TEMP_ACCOUNT_ID,TEMP_HOSPITAL_ID,,2024-05-06,75,{}
TEMP_ACCOUNT_ID,TEMP_HOSPITAL_ID,,2024-05-07,62,{}
TEMP_ACCOUNT_ID,TEMP_HOSPITAL_ID,,2024-05-08,43,{}
TEMP_ACCOUNT_ID,TEMP_HOSPITAL_ID,,2024-05-09,52,{}
TEMP_ACCOUNT_ID,TEMP_HOSPITAL_ID,,2024-05-10,46,{}
TEMP_ACCOUNT_ID,TEMP_HOSPITAL_ID,,2024-05-11,57,{}
TEMP_ACCOUNT_ID,TEMP_HOSPITAL_ID,,2024-05-12,56,{}
TEMP_ACCOUNT_ID,TEMP_HOSPITAL_ID,,2024-05-13,55,{}
TEMP_ACCOUNT_ID,TEMP_HOSPITAL_ID,,2024-05-14,39,{}
TEMP_ACCOUNT_ID,TEMP_HOSPITAL_ID,,2024-05-15,33,{}
TEMP_ACCOUNT_ID,TEMP_HOSPITAL_ID,,2024-05-16,86,{}
TEMP_ACCOUNT_ID,TEMP_HOSPITAL_ID,,2024-05-17,59,{}
TEMP_ACCOUNT_ID,TEMP_HOSPITAL_ID,,2024-05-18,79,{}
TEMP_ACCOUNT_ID,TEMP_HOSPITAL_ID,,2024-05-19,52,{}
TEMP_ACCOUNT_ID,TEMP_HOSPITAL_ID,,2024-05-20,46,{}
TEMP_ACCOUNT_ID,TEMP_HOSPITAL_ID,,2024-05-21,38,{}
TEMP_ACCOUNT_ID,TEMP_HOSPITAL_ID,,2024-05-22,41,{}
TEMP_ACCOUNT_ID,TEMP_HOSPITAL_ID,,2024-05-23,41,{}
TEMP_ACCOUNT_ID,TEMP_HOSPITAL_ID,,2024-05-24,79,{}
TEMP_ACCOUNT_ID,TEMP_HOSPITAL_ID,,2024-05-25,95,{}
TEMP_ACCOUNT_ID,TEMP_HOSPITAL_ID,,2024-05-26,69,{}
TEMP_ACCOUNT_ID,TEMP_HOSPITAL_ID,,2024-05-27,44,{}
TEMP_ACCOUNT_ID,TEMP_HOSPITAL_ID,,2024-05-28,60,{}
TEMP_ACCOUNT_ID,TEMP_HOSPITAL_ID,,2024-05-29,63,{}
TEMP_ACCOUNT_ID,TEMP_HOSPITAL_ID,,2024-05-30,48,{}
TEMP_ACCOUNT_ID,TEMP_HOSPITAL_ID,,2024-05-31,51,{}
TEMP_ACCOUNT_ID,TEMP_HOSPITAL_ID,,2024-06-01,74,{}
TEMP_ACCOUNT_ID,TEMP_HOSPITAL_ID,,2024-06-02,61,{}
TEMP_ACCOUNT_ID,TEMP_HOSPITAL_ID,,2024-06-03,59,{}
TEMP_ACCOUNT_ID,TEMP_HOSPITAL_ID,,2024-06-04,70,{}
TEMP_ACCOUNT_ID,TEMP_HOSPITAL_ID,,2024-06-05,33,{}
TEMP_ACCOUNT_ID,TEMP_HOSPITAL_ID,,2024-06-06,42,{}
TEMP_ACCOUNT_ID,TEMP_HOSPITAL_ID,,2024-06-07,55,{}
TEMP_ACCOUNT_ID,TEMP_HOSPITAL_ID,,2024-06-08,32,{}
TEMP_ACCOUNT_ID,TEMP_HOSPITAL_ID,,2024-06-09,44,{}
TEMP_ACCOUNT_ID,TEMP_HOSPITAL_ID,,2024-06-10,41,{}
TEMP_ACCOUNT_ID,TEMP_HOSPITAL_ID,,2024-06-11,35,{}
TEMP_ACCOUNT_ID,TEMP_HOSPITAL_ID,,2024-06-12,29,{}
TEMP_ACCOUNT_ID,TEMP_HOSPITAL_ID,,2024-06-13,35,{}
TEMP_ACCOUNT_ID,TEMP_HOSPITAL_ID,,2024-06-14,44,{}
TEMP_ACCOUNT_ID,TEMP_HOSPITAL_ID,,2024-06-15,55,{}
TEMP_ACCOUNT_ID,TEMP_HOSPITAL_ID,,2024-06-16,31,{}
TEMP_ACCOUNT_ID,TEMP_HOSPITAL_ID,,2024-06-17,51,{}
TEMP_ACCOUNT_ID,TEMP_HOSPITAL_ID,,2024-06-18,41,{}
TEMP_ACCOUNT_ID,TEMP_HOSPITAL_ID,,2024-06-19,23,{}
TEMP_ACCOUNT_ID,TEMP_HOSPITAL_ID,,2024-06-20,47,{}
TEMP_ACCOUNT_ID,TEMP_HOSPITAL_ID,,2024-06-21,44,{}
TEMP_ACCOUNT_ID,TEMP_HOSPITAL_ID,,2024-06-22,35,{}
TEMP_ACCOUNT_ID,TEMP_HOSPITAL_ID,,2024-06-23,37,{}
TEMP_ACCOUNT_ID,TEMP_HOSPITAL_ID,,2024-06-24,50,{}
TEMP_ACCOUNT_ID,TEMP_HOSPITAL_ID,,2024-06-25,32,{}
TEMP_ACCOUNT_ID,TEMP_HOSPITAL_ID,,2024-06-26,31,{}
TEMP_ACCOUNT_ID,TEMP_HOSPITAL_ID,,2024-06-27,43,{}
TEMP_ACCOUNT_ID,TEMP_HOSPITAL_ID,,2024-06-28,43,{}
TEMP_ACCOUNT_ID,TEMP_HOSPITAL_ID,,2024-06-29,56,{}
TEMP_ACCOUNT_ID,TEMP_HOSPITAL_ID,,2024-06-30,67,{}
TEMP_ACCOUNT_ID,TEMP_HOSPITAL_ID,,2024-07-01,35,{}
TEMP_ACCOUNT_ID,TEMP_HOSPITAL_ID,,2024-07-02,57,{}
TEMP_ACCOUNT_ID,TEMP_HOSPITAL_ID,,2024-07-03,31,{}
TEMP_ACCOUNT_ID,TEMP_HOSPITAL_ID,,2024-07-04,49,{}
TEMP_ACCOUNT_ID,TEMP_HOSPITAL_ID,,2024-07-05,61,{}
TEMP_ACCOUNT_ID,TEMP_HOSPITAL_ID,,2024-07-06,55,{}
TEMP_ACCOUNT_ID,TEMP_HOSPITAL_ID,,2024-07-07,55,{}
TEMP_ACCOUNT_ID,TEMP_HOSPITAL_ID,,2024-07-08,27,{}
TEMP_ACCOUNT_ID,TEMP_HOSPITAL_ID,,2024-07-09,31,{}
TEMP_ACCOUNT_ID,TEMP_HOSPITAL_ID,,2024-07-10,38,{}
TEMP_ACCOUNT_ID,TEMP_HOSPITAL_ID,,2024-07-11,45,{}
TEMP_ACCOUNT_ID,TEMP_HOSPITAL_ID,,2024-07-12,42,{}
TEMP_ACCOUNT_ID,TEMP_HOSPITAL_ID,,2024-07-13,43,{}
TEMP_ACCOUNT_ID,TEMP_HOSPITAL_ID,,2024-07-14,48,{}
TEMP_ACCOUNT_ID,TEMP_HOSPITAL_ID,,2024-07-15,39,{}
TEMP_ACCOUNT_ID,TEMP_HOSPITAL_ID,,2024-07-16,38,{}
TEMP_ACCOUNT_ID,TEMP_HOSPITAL_ID,,2024-07-17,30,{}
TEMP_ACCOUNT_ID,TEMP_HOSPITAL_ID,,2024-07-18,35,{}
TEMP_ACCOUNT_ID,TEMP_HOSPITAL_ID,,2024-07-19,42,{}
TEMP_ACCOUNT_ID,TEMP_HOSPITAL_ID,,2024-07-20,28,{}
TEMP_ACCOUNT_ID,TEMP_HOSPITAL_ID,,2024-07-21,37,{}
TEMP_ACCOUNT_ID,TEMP_HOSPITAL_ID,,2024-07-22,35,{}
TEMP_ACCOUNT_ID,TEMP_HOSPITAL_ID,,2024-07-23,40,{}
TEMP_ACCOUNT_ID,TEMP_HOSPITAL_ID,,2024-07-24,17,{}
TEMP_ACCOUNT_ID,TEMP_HOSPITAL_ID,,2024-07-25,55,{}
TEMP_ACCOUNT_ID,TEMP_HOSPITAL_ID,,2024-07-26,50,{}
TEMP_ACCOUNT_ID,TEMP_HOSPITAL_ID,,2024-07-27,62,{}
TEMP_ACCOUNT_ID,TEMP_HOSPITAL_ID,,2024-07-28,51,{}
TEMP_ACCOUNT_ID,TEMP_HOSPITAL_ID,,2024-07-29,58,{}
TEMP_ACCOUNT_ID,TEMP_HOSPITAL_ID,,2024-07-30,46,{}
TEMP_ACCOUNT_ID,TEMP_HOSPITAL_ID,,2024-07-31,44,{}
TEMP_ACCOUNT_ID,TEMP_HOSPITAL_ID,,2024-08-01,51,{}
TEMP_ACCOUNT_ID,TEMP_HOSPITAL_ID,,2024-08-02,43,{}
TEMP_ACCOUNT_ID,TEMP_HOSPITAL_ID,,2024-08-03,62,{}
TEMP_ACCOUNT_ID,TEMP_HOSPITAL_ID,,2024-08-04,38,{}
TEMP_ACCOUNT_ID,TEMP_HOSPITAL_ID,,2024-08-05,54,{}
TEMP_ACCOUNT_ID,TEMP_HOSPITAL_ID,,2024-08-06,37,{}
TEMP_ACCOUNT_ID,TEMP_HOSPITAL_ID,,2024-08-07,29,{}
TEMP_ACCOUNT_ID,TEMP_HOSPITAL_ID,,2024-08-08,36,{}
TEMP_ACCOUNT_ID,TEMP_HOSPITAL_ID,,2024-08-09,40,{}
TEMP_ACCOUNT_ID,TEMP_HOSPITAL_ID,,2024-08-10,76,{}
TEMP_ACCOUNT_ID,TEMP_HOSPITAL_ID,,2024-08-11,70,{}
TEMP_ACCOUNT_ID,TEMP_HOSPITAL_ID,,2024-08-12,37,{}
TEMP_ACCOUNT_ID,TEMP_HOSPITAL_ID,,2024-08-13,28,{}
TEMP_ACCOUNT_ID,TEMP_HOSPITAL_ID,,2024-08-14,59,{}
TEMP_ACCOUNT_ID,TEMP_HOSPITAL_ID,,2024-08-15,69,{}
TEMP_ACCOUNT_ID,TEMP_HOSPITAL_ID,,2024-08-16,42,{}
TEMP_ACCOUNT_ID,TEMP_HOSPITAL_ID,,2024-08-17,37,{}
TEMP_ACCOUNT_ID,TEMP_HOSPITAL_ID,,2024-08-18,57,{}
TEMP_ACCOUNT_ID,TEMP_HOSPITAL_ID,,2024-08-19,55,{}
TEMP_ACCOUNT_ID,TEMP_HOSPITAL_ID,,2024-08-20,60,{}
TEMP_ACCOUNT_ID,TEMP_HOSPITAL_ID,,2024-08-21,28,{}
TEMP_ACCOUNT_ID,TEMP_HOSPITAL_ID,,2024-08-22,35,{}
TEMP_ACCOUNT_ID,TEMP_HOSPITAL_ID,,2024-08-23,33,{}
TEMP_ACCOUNT_ID,TEMP_HOSPITAL_ID,,2024-08-24,53,{}
TEMP_ACCOUNT_ID,TEMP_HOSPITAL_ID,,2024-08-25,60,{}
TEMP_ACCOUNT_ID,TEMP_HOSPITAL_ID,,2024-08-26,47,{}
TEMP_ACCOUNT_ID,TEMP_HOSPITAL_ID,,2024-08-27,39,{}
TEMP_ACCOUNT_ID,TEMP_HOSPITAL_ID,,2024-08-28,42,{}
TEMP_ACCOUNT_ID,TEMP_HOSPITAL_ID,,2024-08-29,33,{}
TEMP_ACCOUNT_ID,TEMP_HOSPITAL_ID,,2024-08-30,35,{}
TEMP_ACCOUNT_ID,TEMP_HOSPITAL_ID,,2024-08-31,55,{}
TEMP_ACCOUNT_ID,TEMP_HOSPITAL_ID,,2024-09-01,50,{}
TEMP_ACCOUNT_ID,TEMP_HOSPITAL_ID,,2024-09-02,37,{}
TEMP_ACCOUNT_ID,TEMP_HOSPITAL_ID,,2024-09-03,29,{}
TEMP_ACCOUNT_ID,TEMP_HOSPITAL_ID,,2024-09-04,33,{}
TEMP_ACCOUNT_ID,TEMP_HOSPITAL_ID,,2024-09-05,43,{}
TEMP_ACCOUNT_ID,TEMP_HOSPITAL_ID,,2024-09-06,24,{}
TEMP_ACCOUNT_ID,TEMP_HOSPITAL_ID,,2024-09-07,38,{}
TEMP_ACCOUNT_ID,TEMP_HOSPITAL_ID,,2024-09-08,59,{}
TEMP_ACCOUNT_ID,TEMP_HOSPITAL_ID,,2024-09-09,42,{}
TEMP_ACCOUNT_ID,TEMP_HOSPITAL_ID,,2024-09-10,41,{}
TEMP_ACCOUNT_ID,TEMP_HOSPITAL_ID,,2024-09-11,25,{}
TEMP_ACCOUNT_ID,TEMP_HOSPITAL_ID,,2024-09-12,36,{}
TEMP_ACCOUNT_ID,TEMP_HOSPITAL_ID,,2024-09-13,39,{}
TEMP_ACCOUNT_ID,TEMP_HOSPITAL_ID,,2024-09-14,53,{}
TEMP_ACCOUNT_ID,TEMP_HOSPITAL_ID,,2024-09-15,74,{}
TEMP_ACCOUNT_ID,TEMP_HOSPITAL_ID,,2024-09-16,52,{}
TEMP_ACCOUNT_ID,TEMP_HOSPITAL_ID,,2024-09-17,43,{}
TEMP_ACCOUNT_ID,TEMP_HOSPITAL_ID,,2024-09-18,31,{}
TEMP_ACCOUNT_ID,TEMP_HOSPITAL_ID,,2024-09-19,63,{}
TEMP_ACCOUNT_ID,TEMP_HOSPITAL_ID,,2024-09-20,37,{}
TEMP_ACCOUNT_ID,TEMP_HOSPITAL_ID,,2024-09-21,39,{}
TEMP_ACCOUNT_ID,TEMP_HOSPITAL_ID,,2024-09-22,53,{}
TEMP_ACCOUNT_ID,TEMP_HOSPITAL_ID,,2024-09-23,54,{}
TEMP_ACCOUNT_ID,TEMP_HOSPITAL_ID,,2024-09-24,49,{}
TEMP_ACCOUNT_ID,TEMP_HOSPITAL_ID,,2024-09-25,36,{}
TEMP_ACCOUNT_ID,TEMP_HOSPITAL_ID,,2024-09-26,41,{}
TEMP_ACCOUNT_ID,TEMP_HOSPITAL_ID,,2024-09-27,51,{}
TEMP_ACCOUNT_ID,TEMP_HOSPITAL_ID,,2024-09-28,52,{}
TEMP_ACCOUNT_ID,TEMP_HOSPITAL_ID,,2024-09-29,74,{}
TEMP_ACCOUNT_ID,TEMP_HOSPITAL_ID,,2024-09-30,38,{}
TEMP_ACCOUNT_ID,TEMP_HOSPITAL_ID,,2024-10-01,39,{}
TEMP_ACCOUNT_ID,TEMP_HOSPITAL_ID,,2024-10-02,46,{}
TEMP_ACCOUNT_ID,TEMP_HOSPITAL_ID,,2024-10-03,63,{}
TEMP_ACCOUNT_ID,TEMP_HOSPITAL_ID,,2024-10-04,36,{}
TEMP_ACCOUNT_ID,TEMP_HOSPITAL_ID,,2024-10-05,48,{}
TEMP_ACCOUNT_ID,TEMP_HOSPITAL_ID,,2024-10-06,53,{}
TEMP_ACCOUNT_ID,TEMP_HOSPITAL_ID,,2024-10-07,56,{}
TEMP_ACCOUNT_ID,TEMP_HOSPITAL_ID,,2024-10-08,51,{}
TEMP_ACCOUNT_ID,TEMP_HOSPITAL_ID,,2024-10-09,23,{}
TEMP_ACCOUNT_ID,TEMP_HOSPITAL_ID,,2024-10-10,63,{}
TEMP_ACCOUNT_ID,TEMP_HOSPITAL_ID,,2024-10-11,49,{}
TEMP_ACCOUNT_ID,TEMP_HOSPITAL_ID,,2024-10-12,36,{}
TEMP_ACCOUNT_ID,TEMP_HOSPITAL_ID,,2024-10-13,39,{}
TEMP_ACCOUNT_ID,TEMP_HOSPITAL_ID,,2024-10-14,39,{}
TEMP_ACCOUNT_ID,TEMP_HOSPITAL_ID,,2024-10-15,48,{}
TEMP_ACCOUNT_ID,TEMP_HOSPITAL_ID,,2024-10-16,25,{}
TEMP_ACCOUNT_ID,TEMP_HOSPITAL_ID,,2024-10-17,40,{}
TEMP_ACCOUNT_ID,TEMP_HOSPITAL_ID,,2024-10-18,30,{}
TEMP_ACCOUNT_ID,TEMP_HOSPITAL_ID,,2024-10-19,41,{}
TEMP_ACCOUNT_ID,TEMP_HOSPITAL_ID,,2024-10-20,50,{}
TEMP_ACCOUNT_ID,TEMP_HOSPITAL_ID,,2024-10-21,47,{}
TEMP_ACCOUNT_ID,TEMP_HOSPITAL_ID,,2024-10-22,37,{}
TEMP_ACCOUNT_ID,TEMP_HOSPITAL_ID,,2024-10-23,25,{}
TEMP_ACCOUNT_ID,TEMP_HOSPITAL_ID,,2024-10-24,59,{}
TEMP_ACCOUNT_ID,TEMP_HOSPITAL_ID,,2024-10-25,104,{}
TEMP_ACCOUNT_ID,TEMP_HOSPITAL_ID,,2024-10-26,90,{}
TEMP_ACCOUNT_ID,TEMP_HOSPITAL_ID,,2024-10-27,34,{}
TEMP_ACCOUNT_ID,TEMP_HOSPITAL_ID,,2024-10-28,55,{}
TEMP_ACCOUNT_ID,TEMP_HOSPITAL_ID,,2024-10-29,50,{}
TEMP_ACCOUNT_ID,TEMP_HOSPITAL_ID,,2024-10-30,26,{}
TEMP_ACCOUNT_ID,TEMP_HOSPITAL_ID,,2024-10-31,34,{}
TEMP_ACCOUNT_ID,TEMP_HOSPITAL_ID,,2024-11-01,56,{}
TEMP_ACCOUNT_ID,TEMP_HOSPITAL_ID,,2024-11-02,46,{}
TEMP_ACCOUNT_ID,TEMP_HOSPITAL_ID,,2024-11-03,57,{}
TEMP_ACCOUNT_ID,TEMP_HOSPITAL_ID,,2024-11-04,54,{}
TEMP_ACCOUNT_ID,TEMP_HOSPITAL_ID,,2024-11-05,40,{}
TEMP_ACCOUNT_ID,TEMP_HOSPITAL_ID,,2024-11-06,19,{}
TEMP_ACCOUNT_ID,TEMP_HOSPITAL_ID,,2024-11-07,68,{}
TEMP_ACCOUNT_ID,TEMP_HOSPITAL_ID,,2024-11-08,43,{}
TEMP_ACCOUNT_ID,TEMP_HOSPITAL_ID,,2024-11-09,54,{}
TEMP_ACCOUNT_ID,TEMP_HOSPITAL_ID,,2024-11-10,46,{}
TEMP_ACCOUNT_ID,TEMP_HOSPITAL_ID,,2024-11-11,30,{}
TEMP_ACCOUNT_ID,TEMP_HOSPITAL_ID,,2024-11-12,36,{}
TEMP_ACCOUNT_ID,TEMP_HOSPITAL_ID,,2024-11-13,21,{}
TEMP_ACCOUNT_ID,TEMP_HOSPITAL_ID,,2024-11-14,39,{}
TEMP_ACCOUNT_ID,TEMP_HOSPITAL_ID,,2024-11-15,30,{}
TEMP_ACCOUNT_ID,TEMP_HOSPITAL_ID,,2024-11-16,58,{}
TEMP_ACCOUNT_ID,TEMP_HOSPITAL_ID,,2024-11-17,44,{}
TEMP_ACCOUNT_ID,TEMP_HOSPITAL_ID,,2024-11-18,34,{}
TEMP_ACCOUNT_ID,TEMP_HOSPITAL_ID,,2024-11-19,45,{}
TEMP_ACCOUNT_ID,TEMP_HOSPITAL_ID,,2024-11-20,29,{}
TEMP_ACCOUNT_ID,TEMP_HOSPITAL_ID,,2024-11-21,54,{}
TEMP_ACCOUNT_ID,TEMP_HOSPITAL_ID,,2024-11-22,48,{}
TEMP_ACCOUNT_ID,TEMP_HOSPITAL_ID,,2024-11-23,72,{}
TEMP_ACCOUNT_ID,TEMP_HOSPITAL_ID,,2024-11-24,44,{}
TEMP_ACCOUNT_ID,TEMP_HOSPITAL_ID,,2024-11-25,36,{}
TEMP_ACCOUNT_ID,TEMP_HOSPITAL_ID,,2024-11-26,51,{}
TEMP_ACCOUNT_ID,TEMP_HOSPITAL_ID,,2024-11-27,36,{}
TEMP_ACCOUNT_ID,TEMP_HOSPITAL_ID,,2024-11-28,43,{}
TEMP_ACCOUNT_ID,TEMP_HOSPITAL_ID,,2024-11-29,61,{}
TEMP_ACCOUNT_ID,TEMP_HOSPITAL_ID,,2024-11-30,47,{}
TEMP_ACCOUNT_ID,TEMP_HOSPITAL_ID,,2024-12-01,45,{}
TEMP_ACCOUNT_ID,TEMP_HOSPITAL_ID,,2024-12-02,42,{}
TEMP_ACCOUNT_ID,TEMP_HOSPITAL_ID,,2024-12-03,37,{}
TEMP_ACCOUNT_ID,TEMP_HOSPITAL_ID,,2024-12-04,31,{}
TEMP_ACCOUNT_ID,TEMP_HOSPITAL_ID,,2024-12-05,35,{}
TEMP_ACCOUNT_ID,TEMP_HOSPITAL_ID,,2024-12-06,32,{}
TEMP_ACCOUNT_ID,TEMP_HOSPITAL_ID,,2024-12-07,36,{}
TEMP_ACCOUNT_ID,TEMP_HOSPITAL_ID,,2024-12-08,53,{}
TEMP_ACCOUNT_ID,TEMP_HOSPITAL_ID,,2024-12-09,42,{}
TEMP_ACCOUNT_ID,TEMP_HOSPITAL_ID,,2024-12-10,28,{}
TEMP_ACCOUNT_ID,TEMP_HOSPITAL_ID,,2024-12-11,38,{}
TEMP_ACCOUNT_ID,TEMP_HOSPITAL_ID,,2024-12-12,42,{}
TEMP_ACCOUNT_ID,TEMP_HOSPITAL_ID,,2024-12-13,21,{}
TEMP_ACCOUNT_ID,TEMP_HOSPITAL_ID,,2024-12-14,49,{}
TEMP_ACCOUNT_ID,TEMP_HOSPITAL_ID,,2024-12-15,23,{}
TEMP_ACCOUNT_ID,TEMP_HOSPITAL_ID,,2024-12-16,37,{}
TEMP_ACCOUNT_ID,TEMP_HOSPITAL_ID,,2024-12-17,42,{}
TEMP_ACCOUNT_ID,TEMP_HOSPITAL_ID,,2024-12-18,30,{}
TEMP_ACCOUNT_ID,TEMP_HOSPITAL_ID,,2024-12-19,41,{}
TEMP_ACCOUNT_ID,TEMP_HOSPITAL_ID,,2024-12-20,34,{}
TEMP_ACCOUNT_ID,TEMP_HOSPITAL_ID,,2024-12-21,35,{}
TEMP_ACCOUNT_ID,TEMP_HOSPITAL_ID,,2024-12-22,57,{}
TEMP_ACCOUNT_ID,TEMP_HOSPITAL_ID,,2024-12-23,44,{}
TEMP_ACCOUNT_ID,TEMP_HOSPITAL_ID,,2024-12-24,47,{}
TEMP_ACCOUNT_ID,TEMP_HOSPITAL_ID,,2024-12-25,20,{}
TEMP_ACCOUNT_ID,TEMP_HOSPITAL_ID,,2024-12-26,40,{}
TEMP_ACCOUNT_ID,TEMP_HOSPITAL_ID,,2024-12-27,44,{}
TEMP_ACCOUNT_ID,TEMP_HOSPITAL_ID,,2024-12-28,29,{}
TEMP_ACCOUNT_ID,TEMP_HOSPITAL_ID,,2024-12-29,55,{}
TEMP_ACCOUNT_ID,TEMP_HOSPITAL_ID,,2024-12-30,50,{}
TEMP_ACCOUNT_ID,TEMP_HOSPITAL_ID,,2024-12-31,33,{}
TEMP_ACCOUNT_ID,TEMP_HOSPITAL_ID,,2025-01-01,23,{}
TEMP_ACCOUNT_ID,TEMP_HOSPITAL_ID,,2025-01-02,39,{}
TEMP_ACCOUNT_ID,TEMP_HOSPITAL_ID,,2025-01-03,41,{}
TEMP_ACCOUNT_ID,TEMP_HOSPITAL_ID,,2025-01-04,59,{}
TEMP_ACCOUNT_ID,TEMP_HOSPITAL_ID,,2025-01-05,48,{}
TEMP_ACCOUNT_ID,TEMP_HOSPITAL_ID,,2025-01-06,38,{}
TEMP_ACCOUNT_ID,TEMP_HOSPITAL_ID,,2025-01-07,34,{}
TEMP_ACCOUNT_ID,TEMP_HOSPITAL_ID,,2025-01-08,33,{}
TEMP_ACCOUNT_ID,TEMP_HOSPITAL_ID,,2025-01-09,56,{}
TEMP_ACCOUNT_ID,TEMP_HOSPITAL_ID,,2025-01-10,77,{}
TEMP_ACCOUNT_ID,TEMP_HOSPITAL_ID,,2025-01-11,37,{}
TEMP_ACCOUNT_ID,TEMP_HOSPITAL_ID,,2025-01-12,46,{}
TEMP_ACCOUNT_ID,TEMP_HOSPITAL_ID,,2025-01-13,35,{}
TEMP_ACCOUNT_ID,TEMP_HOSPITAL_ID,,2025-01-14,38,{}
TEMP_ACCOUNT_ID,TEMP_HOSPITAL_ID,,2025-01-15,34,{}
TEMP_ACCOUNT_ID,TEMP_HOSPITAL_ID,,2025-01-16,55,{}
TEMP_ACCOUNT_ID,TEMP_HOSPITAL_ID,,2025-01-17,55,{}
TEMP_ACCOUNT_ID,TEMP_HOSPITAL_ID,,2025-01-18,52,{}
TEMP_ACCOUNT_ID,TEMP_HOSPITAL_ID,,2025-01-19,40,{}
TEMP_ACCOUNT_ID,TEMP_HOSPITAL_ID,,2025-01-20,43,{}
TEMP_ACCOUNT_ID,TEMP_HOSPITAL_ID,,2025-01-21,53,{}
TEMP_ACCOUNT_ID,TEMP_HOSPITAL_ID,,2025-01-22,40,{}
TEMP_ACCOUNT_ID,TEMP_HOSPITAL_ID,,2025-01-23,51,{}
TEMP_ACCOUNT_ID,TEMP_HOSPITAL_ID,,2025-01-24,27,{}
TEMP_ACCOUNT_ID,TEMP_HOSPITAL_ID,,2025-01-25,49,{}
TEMP_ACCOUNT_ID,TEMP_HOSPITAL_ID,,2025-01-26,89,{}
TEMP_ACCOUNT_ID,TEMP_HOSPITAL_ID,,2025-01-27,43,{}
TEMP_ACCOUNT_ID,TEMP_HOSPITAL_ID,,2025-01-28,23,{}
TEMP_ACCOUNT_ID,TEMP_HOSPITAL_ID,,2025-01-29,18,{}
TEMP_ACCOUNT_ID,TEMP_HOSPITAL_ID,,2025-01-30,66,{}
TEMP_ACCOUNT_ID,TEMP_HOSPITAL_ID,,2025-01-31,60,{}
TEMP_ACCOUNT_ID,TEMP_HOSPITAL_ID,,2025-02-01,58,{}
TEMP_ACCOUNT_ID,TEMP_HOSPITAL_ID,,2025-02-02,46,{}
TEMP_ACCOUNT_ID,TEMP_HOSPITAL_ID,,2025-02-03,57,{}
TEMP_ACCOUNT_ID,TEMP_HOSPITAL_ID,,2025-02-04,55,{}
TEMP_ACCOUNT_ID,TEMP_HOSPITAL_ID,,2025-02-05,27,{}
TEMP_ACCOUNT_ID,TEMP_HOSPITAL_ID,,2025-02-06,44,{}
TEMP_ACCOUNT_ID,TEMP_HOSPITAL_ID,,2025-02-07,42,{}
TEMP_ACCOUNT_ID,TEMP_HOSPITAL_ID,,2025-02-08,31,{}
TEMP_ACCOUNT_ID,TEMP_HOSPITAL_ID,,2025-02-09,56,{}
TEMP_ACCOUNT_ID,TEMP_HOSPITAL_ID,,2025-02-10,62,{}
TEMP_ACCOUNT_ID,TEMP_HOSPITAL_ID,,2025-02-11,47,{}
TEMP_ACCOUNT_ID,TEMP_HOSPITAL_ID,,2025-02-12,30,{}
TEMP_ACCOUNT_ID,TEMP_HOSPITAL_ID,,2025-02-13,45,{}
TEMP_ACCOUNT_ID,TEMP_HOSPITAL_ID,,2025-02-14,44,{}
TEMP_ACCOUNT_ID,TEMP_HOSPITAL_ID,,2025-02-15,43,{}
TEMP_ACCOUNT_ID,TEMP_HOSPITAL_ID,,2025-02-16,48,{}
TEMP_ACCOUNT_ID,TEMP_HOSPITAL_ID,,2025-02-17,49,{}
TEMP_ACCOUNT_ID,TEMP_HOSPITAL_ID,,2025-02-18,37,{}
TEMP_ACCOUNT_ID,TEMP_HOSPITAL_ID,,2025-02-19,21,{}
TEMP_ACCOUNT_ID,TEMP_HOSPITAL_ID,,2025-02-20,26,{}
TEMP_ACCOUNT_ID,TEMP_HOSPITAL_ID,,2025-02-21,24,{}
TEMP_ACCOUNT_ID,TEMP_HOSPITAL_ID,,2025-02-22,53,{}
TEMP_ACCOUNT_ID,TEMP_HOSPITAL_ID,,2025-02-23,39,{}
TEMP_ACCOUNT_ID,TEMP_HOSPITAL_ID,,2025-02-24,40,{}
TEMP_ACCOUNT_ID,TEMP_HOSPITAL_ID,,2025-02-25,25,{}
TEMP_ACCOUNT_ID,TEMP_HOSPITAL_ID,,2025-02-26,31,{}
TEMP_ACCOUNT_ID,TEMP_HOSPITAL_ID,,2025-02-27,31,{}
TEMP_ACCOUNT_ID,TEMP_HOSPITAL_ID,,2025-02-28,46,{}
TEMP_ACCOUNT_ID,TEMP_HOSPITAL_ID,,2025-03-01,42,{}
TEMP_ACCOUNT_ID,TEMP_HOSPITAL_ID,,2025-03-02,57,{}
TEMP_ACCOUNT_ID,TEMP_HOSPITAL_ID,,2025-03-03,51,{}
TEMP_ACCOUNT_ID,TEMP_HOSPITAL_ID,,2025-03-04,52,{}
TEMP_ACCOUNT_ID,TEMP_HOSPITAL_ID,,2025-03-05,24,{}
TEMP_ACCOUNT_ID,TEMP_HOSPITAL_ID,,2025-03-06,51,{}
TEMP_ACCOUNT_ID,TEMP_HOSPITAL_ID,,2025-03-07,38,{}
TEMP_ACCOUNT_ID,TEMP_HOSPITAL_ID,,2025-03-08,29,{}
TEMP_ACCOUNT_ID,TEMP_HOSPITAL_ID,,2025-03-09,50,{}
TEMP_ACCOUNT_ID,TEMP_HOSPITAL_ID,,2025-03-10,42,{}
TEMP_ACCOUNT_ID,TEMP_HOSPITAL_ID,,2025-03-11,37,{}
TEMP_ACCOUNT_ID,TEMP_HOSPITAL_ID,,2025-03-12,23,{}
TEMP_ACCOUNT_ID,TEMP_HOSPITAL_ID,,2025-03-13,47,{}
TEMP_ACCOUNT_ID,TEMP_HOSPITAL_ID,,2025-03-14,40,{}
TEMP_ACCOUNT_ID,TEMP_HOSPITAL_ID,,2025-03-15,46,{}
TEMP_ACCOUNT_ID,TEMP_HOSPITAL_ID,,2025-03-16,54,{}
TEMP_ACCOUNT_ID,TEMP_HOSPITAL_ID,,2025-03-17,57,{}
TEMP_ACCOUNT_ID,TEMP_HOSPITAL_ID,,2025-03-18,47,{}
TEMP_ACCOUNT_ID,TEMP_HOSPITAL_ID,,2025-03-19,29,{}
TEMP_ACCOUNT_ID,TEMP_HOSPITAL_ID,,2025-03-20,45,{}
TEMP_ACCOUNT_ID,TEMP_HOSPITAL_ID,,2025-03-21,58,{}
TEMP_ACCOUNT_ID,TEMP_HOSPITAL_ID,,2025-03-22,42,{}
TEMP_ACCOUNT_ID,TEMP_HOSPITAL_ID,,2025-03-23,66,{}
TEMP_ACCOUNT_ID,TEMP_HOSPITAL_ID,,2025-03-24,65,{}
TEMP_ACCOUNT_ID,TEMP_HOSPITAL_ID,,2025-03-25,39,{}
TEMP_ACCOUNT_ID,TEMP_HOSPITAL_ID,,2025-03-26,21,{}
TEMP_ACCOUNT_ID,TEMP_HOSPITAL_ID,,2025-03-27,59,{}
TEMP_ACCOUNT_ID,TEMP_HOSPITAL_ID,,2025-03-28,39,{}
TEMP_ACCOUNT_ID,TEMP_HOSPITAL_ID,,2025-03-29,46,{}
TEMP_ACCOUNT_ID,TEMP_HOSPITAL_ID,,2025-03-30,43,{}
TEMP_ACCOUNT_ID,TEMP_HOSPITAL_ID,,2025-03-31,43,{}
TEMP_ACCOUNT_ID,TEMP_HOSPITAL_ID,,2025-04-01,44,{}
TEMP_ACCOUNT_ID,TEMP_HOSPITAL_ID,,2025-04-02,31,{}
TEMP_ACCOUNT_ID,TEMP_HOSPITAL_ID,,2025-04-03,45,{}
TEMP_ACCOUNT_ID,TEMP_HOSPITAL_ID,,2025-04-04,37,{}
TEMP_ACCOUNT_ID,TEMP_HOSPITAL_ID,,2025-04-05,43,{}
TEMP_ACCOUNT_ID,TEMP_HOSPITAL_ID,,2025-04-06,55,{}
TEMP_ACCOUNT_ID,TEMP_HOSPITAL_ID,,2025-04-07,44,{}
TEMP_ACCOUNT_ID,TEMP_HOSPITAL_ID,,2025-04-08,33,{}
TEMP_ACCOUNT_ID,TEMP_HOSPITAL_ID,,2025-04-09,57,{}
TEMP_ACCOUNT_ID,TEMP_HOSPITAL_ID,,2025-04-10,57,{}
TEMP_ACCOUNT_ID,TEMP_HOSPITAL_ID,,2025-04-11,28,{}
TEMP_ACCOUNT_ID,TEMP_HOSPITAL_ID,,2025-04-12,43,{}
TEMP_ACCOUNT_ID,TEMP_HOSPITAL_ID,,2025-04-13,45,{}
TEMP_ACCOUNT_ID,TEMP_HOSPITAL_ID,,2025-04-14,50,{}
TEMP_ACCOUNT_ID,TEMP_HOSPITAL_ID,,2025-04-15,28,{}
TEMP_ACCOUNT_ID,TEMP_HOSPITAL_ID,,2025-04-16,39,{}
TEMP_ACCOUNT_ID,TEMP_HOSPITAL_ID,,2025-04-17,50,{}
TEMP_ACCOUNT_ID,TEMP_HOSPITAL_ID,,2025-04-18,38,{}
TEMP_ACCOUNT_ID,TEMP_HOSPITAL_ID,,2025-04-19,59,{}
TEMP_ACCOUNT_ID,TEMP_HOSPITAL_ID,,2025-04-20,40,{}
TEMP_ACCOUNT_ID,TEMP_HOSPITAL_ID,,2025-04-21,42,{}
TEMP_ACCOUNT_ID,TEMP_HOSPITAL_ID,,2025-04-22,31,{}
TEMP_ACCOUNT_ID,TEMP_HOSPITAL_ID,,2025-04-23,31,{}
TEMP_ACCOUNT_ID,TEMP_HOSPITAL_ID,,2025-04-24,42,{}
TEMP_ACCOUNT_ID,TEMP_HOSPITAL_ID,,2025-04-25,74,{}
TEMP_ACCOUNT_ID,TEMP_HOSPITAL_ID,,2025-04-26,70,{}
TEMP_ACCOUNT_ID,TEMP_HOSPITAL_ID,,2025-04-27,59,{}
TEMP_ACCOUNT_ID,TEMP_HOSPITAL_ID,,2025-04-28,57,{}
TEMP_ACCOUNT_ID,TEMP_HOSPITAL_ID,,2025-04-29,51,{}
TEMP_ACCOUNT_ID,TEMP_HOSPITAL_ID,,2025-04-30,43,{}
TEMP_ACCOUNT_ID,TEMP_HOSPITAL_ID,,2025-05-01,45,{}
TEMP_ACCOUNT_ID,TEMP_HOSPITAL_ID,,2025-05-02,67,{}
TEMP_ACCOUNT_ID,TEMP_HOSPITAL_ID,,2025-05-03,64,{}
TEMP_ACCOUNT_ID,TEMP_HOSPITAL_ID,,2025-05-04,42,{}
TEMP_ACCOUNT_ID,TEMP_HOSPITAL_ID,,2025-05-05,68,{}
TEMP_ACCOUNT_ID,TEMP_HOSPITAL_ID,,2025-05-06,65,{}
TEMP_ACCOUNT_ID,TEMP_HOSPITAL_ID,,2025-05-07,43,{}
TEMP_ACCOUNT_ID,TEMP_HOSPITAL_ID,,2025-05-08,67,{}
TEMP_ACCOUNT_ID,TEMP_HOSPITAL_ID,,2025-05-09,42,{}
TEMP_ACCOUNT_ID,TEMP_HOSPITAL_ID,,2025-05-10,41,{}
TEMP_ACCOUNT_ID,TEMP_HOSPITAL_ID,,2025-05-11,60,{}
TEMP_ACCOUNT_ID,TEMP_HOSPITAL_ID,,2025-05-12,29,{}
TEMP_ACCOUNT_ID,TEMP_HOSPITAL_ID,,2025-05-13,51,{}
TEMP_ACCOUNT_ID,TEMP_HOSPITAL_ID,,2025-05-14,29,{}
TEMP_ACCOUNT_ID,TEMP_HOSPITAL_ID,,2025-05-15,34,{}
TEMP_ACCOUNT_ID,TEMP_HOSPITAL_ID,,2025-05-16,27,{}
TEMP_ACCOUNT_ID,TEMP_HOSPITAL_ID,,2025-05-17,38,{}
TEMP_ACCOUNT_ID,TEMP_HOSPITAL_ID,,2025-05-18,63,{}
TEMP_ACCOUNT_ID,TEMP_HOSPITAL_ID,,2025-05-19,68,{}
TEMP_ACCOUNT_ID,TEMP_HOSPITAL_ID,,2025-05-20,52,{}
TEMP_ACCOUNT_ID,TEMP_HOSPITAL_ID,,2025-05-21,36,{}
TEMP_ACCOUNT_ID,TEMP_HOSPITAL_ID,,2025-05-22,40,{}
TEMP_ACCOUNT_ID,TEMP_HOSPITAL_ID,,2025-05-23,44,{}
TEMP_ACCOUNT_ID,TEMP_HOSPITAL_ID,,2025-05-24,35,{}
TEMP_ACCOUNT_ID,TEMP_HOSPITAL_ID,,2025-05-25,41,{}
TEMP_ACCOUNT_ID,TEMP_HOSPITAL_ID,,2025-05-26,44,{}
TEMP_ACCOUNT_ID,TEMP_HOSPITAL_ID,,2025-05-27,54,{}
TEMP_ACCOUNT_ID,TEMP_HOSPITAL_ID,,2025-05-28,42,{}
TEMP_ACCOUNT_ID,TEMP_HOSPITAL_ID,,2025-05-29,50,{}
TEMP_ACCOUNT_ID,TEMP_HOSPITAL_ID,,2025-05-30,60,{}
TEMP_ACCOUNT_ID,TEMP_HOSPITAL_ID,,2025-05-31,57,{}
TEMP_ACCOUNT_ID,TEMP_HOSPITAL_ID,,2025-06-01,82,{}
TEMP_ACCOUNT_ID,TEMP_HOSPITAL_ID,,2025-06-02,58,{}
TEMP_ACCOUNT_ID,TEMP_HOSPITAL_ID,,2025-06-03,65,{}
TEMP_ACCOUNT_ID,TEMP_HOSPITAL_ID,,2025-06-04,40,{}
TEMP_ACCOUNT_ID,TEMP_HOSPITAL_ID,,2025-06-05,78,{}
TEMP_ACCOUNT_ID,TEMP_HOSPITAL_ID,,2025-06-06,56,{}
TEMP_ACCOUNT_ID,TEMP_HOSPITAL_ID,,2025-06-07,73,{}
TEMP_ACCOUNT_ID,TEMP_HOSPITAL_ID,,2025-06-08,56,{}
TEMP_ACCOUNT_ID,TEMP_HOSPITAL_ID,,2025-06-09,52,{}
TEMP_ACCOUNT_ID,TEMP_HOSPITAL_ID,,2025-06-10,37,{}
TEMP_ACCOUNT_ID,TEMP_HOSPITAL_ID,,2025-06-11,44,{}
TEMP_ACCOUNT_ID,TEMP_HOSPITAL_ID,,2025-06-12,51,{}
TEMP_ACCOUNT_ID,TEMP_HOSPITAL_ID,,2025-06-13,52,{}
TEMP_ACCOUNT_ID,TEMP_HOSPITAL_ID,,2025-06-14,72,{}
TEMP_ACCOUNT_ID,TEMP_HOSPITAL_ID,,2025-06-15,78,{}
TEMP_ACCOUNT_ID,TEMP_HOSPITAL_ID,,2025-06-16,41,{}
TEMP_ACCOUNT_ID,TEMP_HOSPITAL_ID,,2025-06-17,37,{}
TEMP_ACCOUNT_ID,TEMP_HOSPITAL_ID,,2025-06-18,27,{}
TEMP_ACCOUNT_ID,TEMP_HOSPITAL_ID,,2025-06-19,48,{}
TEMP_ACCOUNT_ID,TEMP_HOSPITAL_ID,,2025-06-20,46,{}
TEMP_ACCOUNT_ID,TEMP_HOSPITAL_ID,,2025-06-21,49,{}
TEMP_ACCOUNT_ID,TEMP_HOSPITAL_ID,,2025-06-22,69,{}
TEMP_ACCOUNT_ID,TEMP_HOSPITAL_ID,,2025-06-23,56,{}
TEMP_ACCOUNT_ID,TEMP_HOSPITAL_ID,,2025-06-24,50,{}
TEMP_ACCOUNT_ID,TEMP_HOSPITAL_ID,,2025-06-25,41,{}
TEMP_ACCOUNT_ID,TEMP_HOSPITAL_ID,,2025-06-26,43,{}
TEMP_ACCOUNT_ID,TEMP_HOSPITAL_ID,,2025-06-27,42,{}
TEMP_ACCOUNT_ID,TEMP_HOSPITAL_ID,,2025-06-28,57,{}
TEMP_ACCOUNT_ID,TEMP_HOSPITAL_ID,,2025-06-29,56,{}
TEMP_ACCOUNT_ID,TEMP_HOSPITAL_ID,,2025-06-30,56,{}
TEMP_ACCOUNT_ID,TEMP_HOSPITAL_ID,,2025-07-01,31,{}
TEMP_ACCOUNT_ID,TEMP_HOSPITAL_ID,,2025-07-02,35,{}
TEMP_ACCOUNT_ID,TEMP_HOSPITAL_ID,,2025-07-03,54,{}
TEMP_ACCOUNT_ID,TEMP_HOSPITAL_ID,,2025-07-04,47,{}
TEMP_ACCOUNT_ID,TEMP_HOSPITAL_ID,,2025-07-05,58,{}
TEMP_ACCOUNT_ID,TEMP_HOSPITAL_ID,,2025-07-06,80,{}
TEMP_ACCOUNT_ID,TEMP_HOSPITAL_ID,,2025-07-07,34,{}
TEMP_ACCOUNT_ID,TEMP_HOSPITAL_ID,,2025-07-08,54,{}
TEMP_ACCOUNT_ID,TEMP_HOSPITAL_ID,,2025-07-09,21,{}
TEMP_ACCOUNT_ID,TEMP_HOSPITAL_ID,,2025-07-10,44,{}
TEMP_ACCOUNT_ID,TEMP_HOSPITAL_ID,,2025-07-11,63,{}
TEMP_ACCOUNT_ID,TEMP_HOSPITAL_ID,,2025-07-12,44,{}
TEMP_ACCOUNT_ID,TEMP_HOSPITAL_ID,,2025-07-13,64,{}
TEMP_ACCOUNT_ID,TEMP_HOSPITAL_ID,,2025-07-14,68,{}
TEMP_ACCOUNT_ID,TEMP_HOSPITAL_ID,,2025-07-15,57,{}
TEMP_ACCOUNT_ID,TEMP_HOSPITAL_ID,,2025-07-16,26,{}
TEMP_ACCOUNT_ID,TEMP_HOSPITAL_ID,,2025-07-17,39,{}
TEMP_ACCOUNT_ID,TEMP_HOSPITAL_ID,,2025-07-18,49,{}
TEMP_ACCOUNT_ID,TEMP_HOSPITAL_ID,,2025-07-19,54,{}
TEMP_ACCOUNT_ID,TEMP_HOSPITAL_ID,,2025-07-20,47,{}
TEMP_ACCOUNT_ID,TEMP_HOSPITAL_ID,,2025-07-21,71,{}
TEMP_ACCOUNT_ID,TEMP_HOSPITAL_ID,,2025-07-22,43,{}
TEMP_ACCOUNT_ID,TEMP_HOSPITAL_ID,,2025-07-23,57,{}
TEMP_ACCOUNT_ID,TEMP_HOSPITAL_ID,,2025-07-24,48,{}
TEMP_ACCOUNT_ID,TEMP_HOSPITAL_ID,,2025-07-25,41,{}
TEMP_ACCOUNT_ID,TEMP_HOSPITAL_ID,,2025-07-26,61,{}
TEMP_ACCOUNT_ID,TEMP_HOSPITAL_ID,,2025-07-27,51,{}
TEMP_ACCOUNT_ID,TEMP_HOSPITAL_ID,,2025-07-28,60,{}
TEMP_ACCOUNT_ID,TEMP_HOSPITAL_ID,,2025-07-29,57,{}
TEMP_ACCOUNT_ID,TEMP_HOSPITAL_ID,,2025-07-30,40,{}
TEMP_ACCOUNT_ID,TEMP_HOSPITAL_ID,,2025-07-31,60,{}
TEMP_ACCOUNT_ID,TEMP_HOSPITAL_ID,,2025-08-01,39,{}
TEMP_ACCOUNT_ID,TEMP_HOSPITAL_ID,,2025-08-02,63,{}
TEMP_ACCOUNT_ID,TEMP_HOSPITAL_ID,,2025-08-03,56,{}
TEMP_ACCOUNT_ID,TEMP_HOSPITAL_ID,,2025-08-04,51,{}
TEMP_ACCOUNT_ID,TEMP_HOSPITAL_ID,,2025-08-05,40,{}
TEMP_ACCOUNT_ID,TEMP_HOSPITAL_ID,,2025-08-06,48,{}
TEMP_ACCOUNT_ID,TEMP_HOSPITAL_ID,,2025-08-07,59,{}
TEMP_ACCOUNT_ID,TEMP_HOSPITAL_ID,,2025-08-08,56,{}
TEMP_ACCOUNT_ID,TEMP_HOSPITAL_ID,,2025-08-09,70,{}
TEMP_ACCOUNT_ID,TEMP_HOSPITAL_ID,,2025-08-10,41,{}
TEMP_ACCOUNT_ID,TEMP_HOSPITAL_ID,,2025-08-11,52,{}
TEMP_ACCOUNT_ID,TEMP_HOSPITAL_ID,,2025-08-12,52,{}
TEMP_ACCOUNT_ID,TEMP_HOSPITAL_ID,,2025-08-13,34,{}
TEMP_ACCOUNT_ID,TEMP_HOSPITAL_ID,,2025-08-14,64,{}
TEMP_ACCOUNT_ID,TEMP_HOSPITAL_ID,,2025-08-15,51,{}
TEMP_ACCOUNT_ID,TEMP_HOSPITAL_ID,,2025-08-16,62,{}
TEMP_ACCOUNT_ID,TEMP_HOSPITAL_ID,,2025-08-17,98,{}
TEMP_ACCOUNT_ID,TEMP_HOSPITAL_ID,,2025-08-18,66,{}
TEMP_ACCOUNT_ID,TEMP_HOSPITAL_ID,,2025-08-19,37,{}
TEMP_ACCOUNT_ID,TEMP_HOSPITAL_ID,,2025-08-20,49,{}
TEMP_ACCOUNT_ID,TEMP_HOSPITAL_ID,,2025-08-21,71,{}
TEMP_ACCOUNT_ID,TEMP_HOSPITAL_ID,,2025-08-22,48,{}
TEMP_ACCOUNT_ID,TEMP_HOSPITAL_ID,,2025-08-23,54,{}
TEMP_ACCOUNT_ID,TEMP_HOSPITAL_ID,,2025-08-24,46,{}
TEMP_ACCOUNT_ID,TEMP_HOSPITAL_ID,,2025-08-25,55,{}
TEMP_ACCOUNT_ID,TEMP_HOSPITAL_ID,,2025-08-26,47,{}
TEMP_ACCOUNT_ID,TEMP_HOSPITAL_ID,,2025-08-27,37,{}
TEMP_ACCOUNT_ID,TEMP_HOSPITAL_ID,,2025-08-28,53,{}
TEMP_ACCOUNT_ID,TEMP_HOSPITAL_ID,,2025-08-29,59,{}
TEMP_ACCOUNT_ID,TEMP_HOSPITAL_ID,,2025-08-30,57,{}
TEMP_ACCOUNT_ID,TEMP_HOSPITAL_ID,,2025-08-31,58,{}
TEMP_ACCOUNT_ID,TEMP_HOSPITAL_ID,,2025-09-01,55,{}
TEMP_ACCOUNT_ID,TEMP_HOSPITAL_ID,,2025-09-02,44,{}
TEMP_ACCOUNT_ID,TEMP_HOSPITAL_ID,,2025-09-03,52,{}
TEMP_ACCOUNT_ID,TEMP_HOSPITAL_ID,,2025-09-04,33,{}
TEMP_ACCOUNT_ID,TEMP_HOSPITAL_ID,,2025-09-05,37,{}
TEMP_ACCOUNT_ID,TEMP_HOSPITAL_ID,,2025-09-06,38,{}
TEMP_ACCOUNT_ID,TEMP_HOSPITAL_ID,,2025-09-07,63,{}
TEMP_ACCOUNT_ID,TEMP_HOSPITAL_ID,,2025-09-08,33,{}
TEMP_ACCOUNT_ID,TEMP_HOSPITAL_ID,,2025-09-09,60,{}
TEMP_ACCOUNT_ID,TEMP_HOSPITAL_ID,,2025-09-10,47,{}
TEMP_ACCOUNT_ID,TEMP_HOSPITAL_ID,,2025-09-11,38,{}
TEMP_ACCOUNT_ID,TEMP_HOSPITAL_ID,,2025-09-12,40,{}
TEMP_ACCOUNT_ID,TEMP_HOSPITAL_ID,,2025-09-13,48,{}
TEMP_ACCOUNT_ID,TEMP_HOSPITAL_ID,,2025-09-14,48,{}
TEMP_ACCOUNT_ID,TEMP_HOSPITAL_ID,,2025-09-15,37,{}
TEMP_ACCOUNT_ID,TEMP_HOSPITAL_ID,,2025-09-16,48,{}
TEMP_ACCOUNT_ID,TEMP_HOSPITAL_ID,,2025-09-17,54,{}
TEMP_ACCOUNT_ID,TEMP_HOSPITAL_ID,,2025-09-18,34,{}
TEMP_ACCOUNT_ID,TEMP_HOSPITAL_ID,,2025-09-19,38,{}
TEMP_ACCOUNT_ID,TEMP_HOSPITAL_ID,,2025-09-20,50,{}
TEMP_ACCOUNT_ID,TEMP_HOSPITAL_ID,,2025-09-21,59,{}
TEMP_ACCOUNT_ID,TEMP_HOSPITAL_ID,,2025-09-22,46,{}
TEMP_ACCOUNT_ID,TEMP_HOSPITAL_ID,,2025-09-23,61,{}
TEMP_ACCOUNT_ID,TEMP_HOSPITAL_ID,,2025-09-24,53,{}
TEMP_ACCOUNT_ID,TEMP_HOSPITAL_ID,,2025-09-25,40,{}
TEMP_ACCOUNT_ID,TEMP_HOSPITAL_ID,,2025-09-26,68,{}
TEMP_ACCOUNT_ID,TEMP_HOSPITAL_ID,,2025-09-27,68,{}
TEMP_ACCOUNT_ID,TEMP_HOSPITAL_ID,,2025-09-28,51,{}
TEMP_ACCOUNT_ID,TEMP_HOSPITAL_ID,,2025-09-29,61,{}
TEMP_ACCOUNT_ID,TEMP_HOSPITAL_ID,,2025-09-30,51,{}
TEMP_ACCOUNT_ID,TEMP_HOSPITAL_ID,,2025-10-01,61,{}
TEMP_ACCOUNT_ID,TEMP_HOSPITAL_ID,,2025-10-02,85,{}
TEMP_ACCOUNT_ID,TEMP_HOSPITAL_ID,,2025-10-03,80,{}
TEMP_ACCOUNT_ID,TEMP_HOSPITAL_ID,,2025-10-04,80,{}
TEMP_ACCOUNT_ID,TEMP_HOSPITAL_ID,,2025-10-05,89,{}
TEMP_ACCOUNT_ID,TEMP_HOSPITAL_ID,,2025-10-06,68,{}
TEMP_ACCOUNT_ID,TEMP_HOSPITAL_ID,,2025-10-07,91,{}
TEMP_ACCOUNT_ID,TEMP_HOSPITAL_ID,,2025-10-08,65,{}
TEMP_ACCOUNT_ID,TEMP_HOSPITAL_ID,,2025-10-09,62,{}
TEMP_ACCOUNT_ID,TEMP_HOSPITAL_ID,,2025-10-10,62,{}
TEMP_ACCOUNT_ID,TEMP_HOSPITAL_ID,,2025-10-11,82,{}
TEMP_ACCOUNT_ID,TEMP_HOSPITAL_ID,,2025-10-12,51,{}
TEMP_ACCOUNT_ID,TEMP_HOSPITAL_ID,,2025-10-13,56,{}
TEMP_ACCOUNT_ID,TEMP_HOSPITAL_ID,,2025-10-14,69,{}
TEMP_ACCOUNT_ID,TEMP_HOSPITAL_ID,,2025-10-15,40,{}
TEMP_ACCOUNT_ID,TEMP_HOSPITAL_ID,,2025-10-16,69,{}
TEMP_ACCOUNT_ID,TEMP_HOSPITAL_ID,,2025-10-17,55,{}
TEMP_ACCOUNT_ID,TEMP_HOSPITAL_ID,,2025-10-18,64,{}
TEMP_ACCOUNT_ID,TEMP_HOSPITAL_ID,,2025-10-19,62,{}
TEMP_ACCOUNT_ID,TEMP_HOSPITAL_ID,,2025-10-20,43,{}
TEMP_ACCOUNT_ID,TEMP_HOSPITAL_ID,,2025-10-21,43,{}
TEMP_ACCOUNT_ID,TEMP_HOSPITAL_ID,,2025-10-22,62,{}
TEMP_ACCOUNT_ID,TEMP_HOSPITAL_ID,,2025-10-23,52,{}
TEMP_ACCOUNT_ID,TEMP_HOSPITAL_ID,,2025-10-24,49,{}
TEMP_ACCOUNT_ID,TEMP_HOSPITAL_ID,,2025-10-25,58,{}
TEMP_ACCOUNT_ID,TEMP_HOSPITAL_ID,,2025-10-26,54,{}
TEMP_ACCOUNT_ID,TEMP_HOSPITAL_ID,,2025-10-27,36,{}
TEMP_ACCOUNT_ID,TEMP_HOSPITAL_ID,,2025-10-28,51,{}
TEMP_ACCOUNT_ID,TEMP_HOSPITAL_ID,,2025-10-29,52,{}
TEMP_ACCOUNT_ID,TEMP_HOSPITAL_ID,,2025-10-30,37,{}
TEMP_ACCOUNT_ID,TEMP_HOSPITAL_ID,,2025-10-31,55,{}
TEMP_ACCOUNT_ID,TEMP_HOSPITAL_ID,,2025-11-01,75,{}
TEMP_ACCOUNT_ID,TEMP_HOSPITAL_ID,,2025-11-02,57,{}
TEMP_ACCOUNT_ID,TEMP_HOSPITAL_ID,,2025-11-03,35,{}
TEMP_ACCOUNT_ID,TEMP_HOSPITAL_ID,,2025-11-04,46,{}
TEMP_ACCOUNT_ID,TEMP_HOSPITAL_ID,,2025-11-05,57,{}
TEMP_ACCOUNT_ID,TEMP_HOSPITAL_ID,,2025-11-06,33,{}
TEMP_ACCOUNT_ID,TEMP_HOSPITAL_ID,,2025-11-07,59,{}
TEMP_ACCOUNT_ID,TEMP_HOSPITAL_ID,,2025-11-08,57,{}
TEMP_ACCOUNT_ID,TEMP_HOSPITAL_ID,,2025-11-09,46,{}
TEMP_ACCOUNT_ID,TEMP_HOSPITAL_ID,,2025-11-10,39,{}
TEMP_ACCOUNT_ID,TEMP_HOSPITAL_ID,,2025-11-11,51,{}
TEMP_ACCOUNT_ID,TEMP_HOSPITAL_ID,,2025-11-12,38,{}
TEMP_ACCOUNT_ID,TEMP_HOSPITAL_ID,,2025-11-13,42,{}
TEMP_ACCOUNT_ID,TEMP_HOSPITAL_ID,,2025-11-14,45,{}
TEMP_ACCOUNT_ID,TEMP_HOSPITAL_ID,,2025-11-15,80,{}
TEMP_ACCOUNT_ID,TEMP_HOSPITAL_ID,,2025-11-16,49,{}
TEMP_ACCOUNT_ID,TEMP_HOSPITAL_ID,,2025-11-17,44,{}
TEMP_ACCOUNT_ID,TEMP_HOSPITAL_ID,,2025-11-18,33,{}
TEMP_ACCOUNT_ID,TEMP_HOSPITAL_ID,,2025-11-19,34,{}
TEMP_ACCOUNT_ID,TEMP_HOSPITAL_ID,,2025-11-20,33,{}
TEMP_ACCOUNT_ID,TEMP_HOSPITAL_ID,,2025-11-21,46,{}
TEMP_ACCOUNT_ID,TEMP_HOSPITAL_ID,,2025-11-22,39,{}
TEMP_ACCOUNT_ID,TEMP_HOSPITAL_ID,,2025-11-23,47,{}
TEMP_ACCOUNT_ID,TEMP_HOSPITAL_ID,,2025-11-24,60,{}
TEMP_ACCOUNT_ID,TEMP_HOSPITAL_ID,,2025-11-25,47,{}
TEMP_ACCOUNT_ID,TEMP_HOSPITAL_ID,,2025-11-26,38,{}
TEMP_ACCOUNT_ID,TEMP_HOSPITAL_ID,,2025-11-27,29,{}
TEMP_ACCOUNT_ID,TEMP_HOSPITAL_ID,,2025-11-28,49,{}
TEMP_ACCOUNT_ID,TEMP_HOSPITAL_ID,,2025-11-29,31,{}
TEMP_ACCOUNT_ID,TEMP_HOSPITAL_ID,,2025-11-30,35,{}
TEMP_ACCOUNT_ID,TEMP_HOSPITAL_ID,,2025-12-01,49,{}
TEMP_ACCOUNT_ID,TEMP_HOSPITAL_ID,,2025-12-02,31,{}
TEMP_ACCOUNT_ID,TEMP_HOSPITAL_ID,,2025-12-03,45,{}
TEMP_ACCOUNT_ID,TEMP_HOSPITAL_ID,,2025-12-04,33,{}
TEMP_ACCOUNT_ID,TEMP_HOSPITAL_ID,,2025-12-05,34,{}
TEMP_ACCOUNT_ID,TEMP_HOSPITAL_ID,,2025-12-06,33,{}
TEMP_ACCOUNT_ID,TEMP_HOSPITAL_ID,,2025-12-07,46,{}
TEMP_ACCOUNT_ID,TEMP_HOSPITAL_ID,,2025-12-08,36,{}
TEMP_ACCOUNT_ID,TEMP_HOSPITAL_ID,,2025-12-09,24,{}
TEMP_ACCOUNT_ID,TEMP_HOSPITAL_ID,,2025-12-10,45,{}
TEMP_ACCOUNT_ID,TEMP_HOSPITAL_ID,,2025-12-11,31,{}
TEMP_ACCOUNT_ID,TEMP_HOSPITAL_ID,,2025-12-12,42,{}
TEMP_ACCOUNT_ID,TEMP_HOSPITAL_ID,,2025-12-13,58,{}
TEMP_ACCOUNT_ID,TEMP_HOSPITAL_ID,,2025-12-14,40,{}
TEMP_ACCOUNT_ID,TEMP_HOSPITAL_ID,,2025-12-15,39,{}
TEMP_ACCOUNT_ID,TEMP_HOSPITAL_ID,,2025-12-16,53,{}
TEMP_ACCOUNT_ID,TEMP_HOSPITAL_ID,,2025-12-17,47,{}
TEMP_ACCOUNT_ID,TEMP_HOSPITAL_ID,,2025-12-18,46,{}
TEMP_ACCOUNT_ID,TEMP_HOSPITAL_ID,,2025-12-19,34,{}
TEMP_ACCOUNT_ID,TEMP_HOSPITAL_ID,,2025-12-20,52,{}
TEMP_ACCOUNT_ID,TEMP_HOSPITAL_ID,,2025-12-21,52,{}
TEMP_ACCOUNT_ID,TEMP_HOSPITAL_ID,,2025-12-22,29,{}
TEMP_ACCOUNT_ID,TEMP_HOSPITAL_ID,,2025-12-23,33,{}
TEMP_ACCOUNT_ID,TEMP_HOSPITAL_ID,,2025-12-24,34,{}
TEMP_ACCOUNT_ID,TEMP_HOSPITAL_ID,,2025-12-25,40,{}
TEMP_ACCOUNT_ID,TEMP_HOSPITAL_ID,,2025-12-26,47,{}
TEMP_ACCOUNT_ID,TEMP_HOSPITAL_ID,,2025-12-27,53,{}
TEMP_ACCOUNT_ID,TEMP_HOSPITAL_ID,,2025-12-28,44,{}
TEMP_ACCOUNT_ID,TEMP_HOSPITAL_ID,,2025-12-29,51,{}
TEMP_ACCOUNT_ID,TEMP_HOSPITAL_ID,,2025-12-30,46,{}
TEMP_ACCOUNT_ID,TEMP_HOSPITAL_ID,,2025-12-31,57,{}
TEMP_ACCOUNT_ID,TEMP_HOSPITAL_ID,,2026-01-01,27,{}
TEMP_ACCOUNT_ID,TEMP_HOSPITAL_ID,,2026-01-02,39,{}
TEMP_ACCOUNT_ID,TEMP_HOSPITAL_ID,,2026-01-03,59,{}
TEMP_ACCOUNT_ID,TEMP_HOSPITAL_ID,,2026-01-04,63,{}
TEMP_ACCOUNT_ID,TEMP_HOSPITAL_ID,,2026-01-05,54,{}
TEMP_ACCOUNT_ID,TEMP_HOSPITAL_ID,,2026-01-06,28,{}
TEMP_ACCOUNT_ID,TEMP_HOSPITAL_ID,,2026-01-07,40,{}
TEMP_ACCOUNT_ID,TEMP_HOSPITAL_ID,,2026-01-08,51,{}
TEMP_ACCOUNT_ID,TEMP_HOSPITAL_ID,,2026-01-09,35,{}
TEMP_ACCOUNT_ID,TEMP_HOSPITAL_ID,,2026-01-10,53,{}
TEMP_ACCOUNT_ID,TEMP_HOSPITAL_ID,,2026-01-11,55,{}
TEMP_ACCOUNT_ID,TEMP_HOSPITAL_ID,,2026-01-12,41,{}
TEMP_ACCOUNT_ID,TEMP_HOSPITAL_ID,,2026-01-13,51,{}
TEMP_ACCOUNT_ID,TEMP_HOSPITAL_ID,,2026-01-14,36,{}
TEMP_ACCOUNT_ID,TEMP_HOSPITAL_ID,,2026-01-15,43,{}
TEMP_ACCOUNT_ID,TEMP_HOSPITAL_ID,,2026-01-16,40,{}
TEMP_ACCOUNT_ID,TEMP_HOSPITAL_ID,,2026-01-17,72,{}
TEMP_ACCOUNT_ID,TEMP_HOSPITAL_ID,,2026-01-18,62,{}
TEMP_ACCOUNT_ID,TEMP_HOSPITAL_ID,,2026-01-19,42,{}
TEMP_ACCOUNT_ID,TEMP_HOSPITAL_ID,,2026-01-20,45,{}
TEMP_ACCOUNT_ID,TEMP_HOSPITAL_ID,,2026-01-21,35,{}
TEMP_ACCOUNT_ID,TEMP_HOSPITAL_ID,,2026-01-22,49,{}
TEMP_ACCOUNT_ID,TEMP_HOSPITAL_ID,,2026-01-23,68,{}
TEMP_ACCOUNT_ID,TEMP_HOSPITAL_ID,,2026-01-24,53,{}
TEMP_ACCOUNT_ID,TEMP_HOSPITAL_ID,,2026-01-25,51,{}
TEMP_ACCOUNT_ID,TEMP_HOSPITAL_ID,,2026-01-26,55,{}
TEMP_ACCOUNT_ID,TEMP_HOSPITAL_ID,,2026-01-27,47,{}
TEMP_ACCOUNT_ID,TEMP_HOSPITAL_ID,,2026-01-28,59,{}
TEMP_ACCOUNT_ID,TEMP_HOSPITAL_ID,,2026-01-29,45,{}
TEMP_ACCOUNT_ID,TEMP_HOSPITAL_ID,,2026-01-30,43,{}
TEMP_ACCOUNT_ID,TEMP_HOSPITAL_ID,,2026-01-31,76,{}
TEMP_ACCOUNT_ID,TEMP_HOSPITAL_ID,,2026-02-01,57,{}
TEMP_ACCOUNT_ID,TEMP_HOSPITAL_ID,,2026-02-02,41,{}
TEMP_ACCOUNT_ID,TEMP_HOSPITAL_ID,,2026-02-03,49,{}
TEMP_ACCOUNT_ID,TEMP_HOSPITAL_ID,,2026-02-04,39,{}
TEMP_ACCOUNT_ID,TEMP_HOSPITAL_ID,,2026-02-05,31,{}
TEMP_ACCOUNT_ID,TEMP_HOSPITAL_ID,,2026-02-06,50,{}
TEMP_ACCOUNT_ID,TEMP_HOSPITAL_ID,,2026-02-07,50,{}
TEMP_ACCOUNT_ID,TEMP_HOSPITAL_ID,,2026-02-08,30,{}
TEMP_ACCOUNT_ID,TEMP_HOSPITAL_ID,,2026-02-09,38,{}
TEMP_ACCOUNT_ID,TEMP_HOSPITAL_ID,,2026-02-10,30,{}
TEMP_ACCOUNT_ID,TEMP_HOSPITAL_ID,,2026-02-11,50,{}
TEMP_ACCOUNT_ID,TEMP_HOSPITAL_ID,,2026-02-12,64,{}
TEMP_ACCOUNT_ID,TEMP_HOSPITAL_ID,,2026-02-13,51,{}
TEMP_ACCOUNT_ID,TEMP_HOSPITAL_ID,,2026-02-14,74,{}
TEMP_ACCOUNT_ID,TEMP_HOSPITAL_ID,,2026-02-15,73,{}
TEMP_ACCOUNT_ID,TEMP_HOSPITAL_ID,,2026-02-16,75,{}
TEMP_ACCOUNT_ID,TEMP_HOSPITAL_ID,,2026-02-17,38,{}
TEMP_ACCOUNT_ID,TEMP_HOSPITAL_ID,,2026-02-18,55,{}
TEMP_ACCOUNT_ID,TEMP_HOSPITAL_ID,,2026-02-19,40,{}
TEMP_ACCOUNT_ID,TEMP_HOSPITAL_ID,,2026-02-20,60,{}
TEMP_ACCOUNT_ID,TEMP_HOSPITAL_ID,,2026-02-21,45,{}
TEMP_ACCOUNT_ID,TEMP_HOSPITAL_ID,,2026-02-22,58,{}
TEMP_ACCOUNT_ID,TEMP_HOSPITAL_ID,,2026-02-23,53,{}
TEMP_ACCOUNT_ID,TEMP_HOSPITAL_ID,,2026-02-24,56,{}
TEMP_ACCOUNT_ID,TEMP_HOSPITAL_ID,,2026-02-25,59,{}
TEMP_ACCOUNT_ID,TEMP_HOSPITAL_ID,,2026-02-26,56,{}
TEMP_ACCOUNT_ID,TEMP_HOSPITAL_ID,,2026-02-27,44,{}
TEMP_ACCOUNT_ID,TEMP_HOSPITAL_ID,,2026-02-28,63,{}
TEMP_ACCOUNT_ID,TEMP_HOSPITAL_ID,,2026-03-01,47,{}
TEMP_ACCOUNT_ID,TEMP_HOSPITAL_ID,,2026-03-02,55,{}
TEMP_ACCOUNT_ID,TEMP_HOSPITAL_ID,,2026-03-03,49,{}
TEMP_ACCOUNT_ID,TEMP_HOSPITAL_ID,,2026-03-04,42,{}
TEMP_ACCOUNT_ID,TEMP_HOSPITAL_ID,,2026-03-05,42,{}
TEMP_ACCOUNT_ID,TEMP_HOSPITAL_ID,,2026-03-06,43,{}
TEMP_ACCOUNT_ID,TEMP_HOSPITAL_ID,,2026-03-07,57,{}
TEMP_ACCOUNT_ID,TEMP_HOSPITAL_ID,,2026-03-08,48,{}
TEMP_ACCOUNT_ID,TEMP_HOSPITAL_ID,,2026-03-09,48,{}
TEMP_ACCOUNT_ID,TEMP_HOSPITAL_ID,,2026-03-10,57,{}
TEMP_ACCOUNT_ID,TEMP_HOSPITAL_ID,,2026-03-11,62,{}
TEMP_ACCOUNT_ID,TEMP_HOSPITAL_ID,,2026-03-12,51,{}
TEMP_ACCOUNT_ID,TEMP_HOSPITAL_ID,,2026-03-13,56,{}
TEMP_ACCOUNT_ID,TEMP_HOSPITAL_ID,,2026-03-14,81,{}
TEMP_ACCOUNT_ID,TEMP_HOSPITAL_ID,,2026-03-15,58,{}
TEMP_ACCOUNT_ID,TEMP_HOSPITAL_ID,,2026-03-16,48,{}
TEMP_ACCOUNT_ID,TEMP_HOSPITAL_ID,,2026-03-17,65,{}
TEMP_ACCOUNT_ID,TEMP_HOSPITAL_ID,,2026-03-18,49,{}
TEMP_ACCOUNT_ID,TEMP_HOSPITAL_ID,,2026-03-19,70,{}
TEMP_ACCOUNT_ID,TEMP_HOSPITAL_ID,,2026-03-20,63,{}
TEMP_ACCOUNT_ID,TEMP_HOSPITAL_ID,,2026-03-21,80,{}
TEMP_ACCOUNT_ID,TEMP_HOSPITAL_ID,,2026-03-22,70,{}
TEMP_ACCOUNT_ID,TEMP_HOSPITAL_ID,,2026-03-23,49,{}
TEMP_ACCOUNT_ID,TEMP_HOSPITAL_ID,,2026-03-24,44,{}
TEMP_ACCOUNT_ID,TEMP_HOSPITAL_ID,,2026-03-25,43,{}
TEMP_ACCOUNT_ID,TEMP_HOSPITAL_ID,,2026-03-26,64,{}
TEMP_ACCOUNT_ID,TEMP_HOSPITAL_ID,,2026-03-27,40,{}
TEMP_ACCOUNT_ID,TEMP_HOSPITAL_ID,,2026-03-28,66,{}
TEMP_ACCOUNT_ID,TEMP_HOSPITAL_ID,,2026-03-29,71,{}
TEMP_ACCOUNT_ID,TEMP_HOSPITAL_ID,,2026-03-30,54,{}
TEMP_ACCOUNT_ID,TEMP_HOSPITAL_ID,,2026-03-31,47,{}
